review,sentiment
"This movie was a masterpiece, with brilliant acting and direction.",positive
I loved the storyline and the characters were so well developed.,positive
A deeply emotional and beautifully crafted film.,positive
Fantastic visuals and gripping plot — highly recommend it.,positive
One of the best movies I’ve seen in a long time.,positive
"Excellent screenplay, music, and performance.",positive
A heartwarming tale with lots of meaningful moments.,positive
Beautifully executed with top-notch performances.,positive
Truly a cinematic gem — I’ll watch it again!,positive
Remarkable film that stays with you long after it ends.,positive
"Terrible movie. Boring, slow, and unwatchable.",negative
I regret wasting my time on this poorly made film.,negative
The plot made no sense and the acting was awful.,negative
Completely predictable and uninspired.,negative
I couldn’t finish it — too dull and dragged out.,negative
"Bad script, bad acting, and terrible direction.",negative
The characters were flat and the story was nonsense.,negative
Overrated garbage with no redeeming quality.,negative
Felt like watching paint dry — painful to sit through.,negative
Absolute disappointment. Nothing good to say about it.,negative
